Index,TimeStamp (s),Fe (g),La (g),Ce (g),Th (g),Nd (g),Pr (g)
19367,23.0080,,,3.612E-17,,,
19414,23.0638,,,7.866E-16,,,
19541,23.2147,,4.340E-16,1.749E-15,,,
19680,23.3798,,,7.530E-16,,,
19776,23.4939,,,5.775E-15,,,
19802,23.5248,,,5.433E-17,,,
19914,23.6578,,,1.061E-16,,,
19927,23.6733,,,4.972E-17,,,
19957,23.7089,,,2.660E-16,,,
20041,23.8087,,,,,3.274E-17,
20377,24.2079,,1.333E-16,2.231E-16,,9.283E-17,1.739E-17
20419,24.2578,,,2.369E-16,,,
20454,24.2994,,,1.302E-15,,,
20484,24.3350,,1.006E-15,2.402E-15,1.936E-17,1.293E-15,2.631E-16
20710,24.6035,,2.465E-17,,,,
20960,24.9005,,,1.234E-16,,,
21054,25.0122,,,4.913E-16,,,
21145,25.1203,,,4.193E-15,,,
21180,25.1618,,,1.257E-16,,,
21281,25.2818,,,2.169E-17,,,
21382,25.4018,,5.505E-16,1.211E-15,,5.639E-16,1.400E-16
21464,25.4992,,,2.329E-16,,,
21470,25.5064,,,3.149E-17,,,
21483,25.5218,,,3.512E-16,,,
21567,25.6216,,,3.470E-17,,,
21898,26.0148,,,7.629E-17,,,
21945,26.0707,,,2.713E-17,,,
21970,26.1004,,,1.694E-16,,,
22179,26.3487,,4.178E-17,6.195E-17,,,
22205,26.3795,,,1.135E-16,,,
22404,26.6160,,,7.757E-17,,,
22543,26.7811,,,2.513E-17,,,
22690,26.9557,,,,,,
22714,26.9842,,,3.847E-17,,,
22867,27.1660,,,9.196E-17,,,
22977,27.2967,,,3.814E-17,,,
23091,27.4321,,,3.066E-16,,,
23194,27.5545,,3.031E-17,8.347E-17,,3.470E-17,
23365,27.7576,,,5.500E-16,,,
23422,27.8253,,,5.056E-17,,,
23437,27.8432,,,9.592E-16,,,
23625,28.0665,,1.158E-15,2.139E-15,,1.032E-15,3.486E-16
23634,28.0772,,,6.804E-17,,,
23798,28.2720,,,1.813E-16,,,
23899,28.3920,,,2.087E-16,,,
24132,28.6688,,,8.790E-16,,,
24370,28.9516,,,3.627E-16,,,
24521,29.1309,,,1.371E-15,,,
24807,29.4707,,,2.923E-16,,,
24997,29.6964,,,1.492E-16,,,
25024,29.7285,,,3.074E-17,,,
25124,29.8473,,,3.088E-17,,,
25203,29.9412,,,4.262E-17,,,
25350,30.1158,,,1.760E-16,,,
25363,30.1312,,,7.598E-16,,,
25518,30.3154,,,1.813E-16,,,
25544,30.3463,,,1.903E-16,,,
25566,30.3724,,,6.746E-17,,,
25723,30.5589,,,2.067E-16,,,
25766,30.6100,,6.159E-17,8.367E-17,,5.602E-17,
25768,30.6124,,,2.557E-17,,,
25872,30.7359,,,2.475E-16,,,
26319,31.2670,,,5.479E-16,,,
26368,31.3252,,,1.665E-16,,,
26518,31.5034,,,1.931E-16,,,
26532,31.5200,,,2.296E-17,,,
26552,31.5438,,,1.766E-16,,,
26601,31.6020,,1.683E-16,5.139E-16,,,
26840,31.8859,,,4.929E-16,,,
27005,32.0819,,,2.034E-16,,,
27106,32.2019,,,2.478E-17,,,
27111,32.2079,,,1.802E-16,,,
27147,32.2506,,,2.335E-16,,,
27278,32.4063,,,2.698E-17,,,
27382,32.5298,,6.336E-17,1.431E-16,,,
27441,32.5999,,,3.368E-16,,,
27460,32.6225,,,2.474E-17,,,
27465,32.6284,,,1.376E-16,,,
27797,33.0228,,,2.867E-16,,,
27807,33.0347,,,3.365E-16,,,
27812,33.0407,,,4.096E-16,,,
27882,33.1238,,,1.468E-16,,,
27890,33.1333,,,6.802E-16,,,
27920,33.1690,,1.090E-16,2.522E-16,,1.280E-16,3.587E-17
28282,33.5990,,9.738E-17,1.828E-16,,3.889E-17,
28338,33.6655,,,1.259E-16,,,
28475,33.8283,,,5.941E-16,,,
28498,33.8556,,,2.398E-16,,,
28663,34.0516,,,3.470E-17,,,
28817,34.2346,,,1.241E-16,,,
28998,34.4496,,,1.071E-16,,,
29092,34.5613,,,7.982E-16,,,
29319,34.8310,,,3.590E-17,,,
29515,35.0638,,,3.178E-16,,,
29718,35.3050,,,8.208E-17,,,
29742,35.3335,,,3.154E-16,,,
29875,35.4915,,,2.653E-17,,,
29899,35.5200,,9.550E-17,2.535E-16,,1.469E-16,3.381E-17
29929,35.5557,,7.654E-17,1.518E-16,,5.128E-17,2.651E-17
30001,35.6412,,,1.656E-16,,,
30006,35.6471,,,3.864E-16,,,
30180,35.8538,,5.881E-17,1.286E-16,,4.845E-17,1.539E-17
30183,35.8574,,,1.963E-16,,,
30315,36.0142,,,1.863E-16,,,
30336,36.0392,,,7.315E-17,,,
30345,36.0499,,,1.477E-16,,,
30361,36.0689,,,9.592E-16,,,
30425,36.1449,,,1.809E-16,,,
30538,36.2791,,,6.725E-17,,,
30693,36.4633,,,5.308E-16,,,
30781,36.5678,,,7.011E-16,,,
30802,36.5928,,,2.007E-15,,,
31088,36.9325,,,2.311E-16,,,
31153,37.0098,,2.714E-17,4.064E-17,,4.622E-17,
31176,37.0371,,,4.836E-16,,,
31394,37.2961,,,2.025E-15,,,
31440,37.3507,,,5.347E-17,,,
31575,37.5111,,,2.191E-17,,,
31785,37.7606,,,2.270E-17,,,
31914,37.9138,,,1.016E-16,,,
32003,38.0196,,,1.095E-16,,,
32198,38.2512,,,1.442E-16,,,
32295,38.3665,,,9.263E-17,,,
32339,38.4187,,,1.061E-16,,,
32419,38.5138,,2.830E-17,5.208E-17,,,
32483,38.5898,,,1.475E-16,,,
32488,38.5957,,,9.192E-16,,,
32503,38.6136,,,7.161E-16,,,
32596,38.7240,,,9.386E-16,,,
32630,38.7644,,,2.242E-17,,,
32985,39.1862,,3.877E-17,8.826E-17,,,
33098,39.3204,,,2.054E-16,,,
33114,39.3394,,,1.238E-16,,,
33132,39.3608,,,1.954E-16,,,
33344,39.6127,,,3.846E-17,,,
33368,39.6412,,,2.797E-17,,,
33521,39.8229,,4.123E-16,7.182E-16,,4.263E-16,9.300E-17
33654,39.9810,,2.919E-17,,,4.011E-17,
33658,39.9857,,,3.524E-15,,,
33684,40.0166,,,1.276E-16,,,
33786,40.1378,,,9.274E-17,,,
33865,40.2316,,,4.239E-16,,,
34062,40.4657,,,1.213E-16,,,
34068,40.4728,,2.533E-17,6.718E-17,,,
34074,40.4799,,,9.423E-17,,,
34109,40.5215,,,6.309E-16,,,
34201,40.6308,,,3.550E-17,,,
34214,40.6462,,,3.721E-16,,,
34275,40.7187,,2.789E-16,7.913E-16,,,
34286,40.7318,,,4.711E-16,,,
34376,40.8387,,,3.293E-17,,,
34436,40.9100,,,5.205E-16,,,
34627,41.1369,,2.628E-16,5.365E-16,,2.412E-16,6.728E-17
34705,41.2295,,,6.562E-16,,,
34821,41.3673,,,7.631E-16,,,
34866,41.4208,,,1.052E-15,,,
34971,41.5455,,,4.038E-16,,,
35002,41.5824,,,3.234E-17,,,
35124,41.7273,,,2.435E-17,,,
35148,41.7558,,,2.057E-15,,,
35188,41.8033,,,2.079E-16,,,
35240,41.8651,,,5.204E-17,,,
35350,41.9958,,,4.872E-16,,,
35511,42.1871,,,8.761E-17,,,
35515,42.1918,,,3.058E-17,,,
35527,42.2061,,,8.170E-16,,,
35661,42.3653,,,4.894E-16,,,
35667,42.3724,,,8.585E-17,,,
35815,42.5482,,,4.343E-16,,,
35877,42.6219,,,1.031E-16,,,
35964,42.7252,,,9.898E-16,,,
36231,43.0424,,,9.928E-17,,,
36435,43.2848,,,7.214E-17,,,
36470,43.3264,,,9.486E-16,,,
36555,43.4273,,,4.078E-16,,,
36558,43.4309,,,3.854E-16,,,
36596,43.4760,,,8.225E-17,,,
36628,43.5141,,4.668E-17,7.776E-17,,,
36729,43.6341,,,2.389E-17,,,
36946,43.8918,,,3.403E-17,,,
36955,43.9025,,,5.520E-16,,,
37019,43.9786,,,3.618E-17,,,
37278,44.2863,,,4.504E-17,,,
37387,44.4158,,,7.281E-17,,,
37405,44.4371,,,9.026E-17,,,
37505,44.5559,,,4.100E-17,,3.286E-17,
37670,44.7520,,1.301E-15,2.302E-15,2.233E-17,1.157E-15,3.397E-16
37755,44.8529,,,4.319E-15,,,
37827,44.9385,,,6.724E-17,,,
37872,44.9919,,,2.149E-17,,,
37905,45.0311,,,1.587E-16,,,
37985,45.1262,,,1.662E-16,,,
38110,45.2747,,,1.422E-16,,,
38148,45.3198,,,5.761E-17,,,
38184,45.3626,,,5.811E-16,,,
38200,45.3816,,,1.079E-15,,,
38785,46.0766,,,2.516E-17,,,
38791,46.0837,,,1.378E-16,,,
38954,46.2774,,,3.611E-16,,,
38992,46.3225,,,4.517E-16,,,
39063,46.4068,,6.690E-17,1.722E-16,,,2.152E-17
39317,46.7086,,2.831E-17,7.006E-17,,5.924E-17,
39392,46.7977,,,8.332E-17,,,
39405,46.8131,,,5.220E-17,,,
39417,46.8274,,,1.683E-15,,,
39444,46.8595,,,1.847E-16,,,
39496,46.9212,,,1.170E-16,,,
39729,47.1981,,,6.311E-16,,,
39804,47.2872,,,1.058E-16,,,
39989,47.5069,,,3.395E-17,,,
40018,47.5414,,,4.153E-16,,,
40236,47.8004,,,9.970E-16,,,
40253,47.8206,,,1.455E-15,,,
40398,47.9928,,,8.755E-17,,,
40470,48.0784,,,9.386E-16,,,
40561,48.1865,,7.399E-16,1.958E-15,,1.524E-16,2.997E-17
40577,48.2055,,,5.726E-16,,,
40619,48.2554,,,4.371E-17,,,
40748,48.4086,,,4.274E-17,,,
40931,48.6260,,,1.206E-15,,,
41209,48.9563,,,,,,
41247,49.0014,,,4.338E-16,,,
41310,49.0763,,,3.527E-17,,,
41321,49.0893,,,5.872E-16,,,
41334,49.1048,,1.361E-16,2.690E-16,,1.653E-16,3.588E-17
41436,49.2260,,,5.604E-16,,,
41462,49.2569,,,3.586E-17,,,
41467,49.2628,,,9.329E-16,,,
41492,49.2925,,,9.306E-17,,,
41588,49.4065,,,1.778E-16,,,
41644,49.4731,,,1.366E-16,,,
41698,49.5372,,,7.442E-16,,,
41786,49.6418,,,2.198E-16,,,
41814,49.6750,,,8.862E-16,,,
41832,49.6964,,,8.102E-16,,,
41903,49.7808,,,5.668E-17,,,
41960,49.8485,,1.000E-16,1.527E-16,,,
42087,49.9994,,,1.408E-16,,,
42095,50.0089,,,3.695E-16,,,
42155,50.0801,,,1.801E-16,,,
42239,50.1799,,,1.008E-15,,,
42415,50.3890,,1.556E-16,2.837E-16,,1.583E-16,2.530E-17
42434,50.4116,,,1.664E-16,,,
42486,50.4734,,,1.787E-16,,,
42653,50.6718,,,2.821E-16,,,
42661,50.6813,,,4.574E-16,,,
42870,50.9296,,,1.511E-16,,,
42995,51.0781,,2.094E-16,4.049E-16,,,
43065,51.1612,,,5.565E-17,,,
43111,51.2159,,,2.665E-16,,,
43223,51.3489,,,3.493E-17,,,
43243,51.3727,,,6.036E-16,,,
43257,51.3893,,,2.145E-16,,,
43655,51.8621,,,2.260E-16,,,
43904,52.1580,,,9.758E-17,,,
43917,52.1734,,7.893E-17,2.517E-16,,1.397E-16,2.050E-17
43933,52.1924,,,2.214E-16,,,
44108,52.4003,,,1.820E-16,,,
44159,52.4609,,,7.316E-16,,,
44355,52.6937,,,2.179E-17,,,
44456,52.8137,,,2.549E-16,,,
44573,52.9527,,,7.460E-17,,,
45185,53.6798,,,3.534E-16,,,
45473,54.0219,,,2.898E-17,,,
45681,54.2690,,9.911E-17,2.241E-16,,7.064E-17,1.729E-17
45721,54.3165,,,6.347E-16,,,
45909,54.5399,,,3.036E-16,,,
45947,54.5850,,8.053E-17,1.580E-16,,8.051E-17,2.008E-17
46135,54.8084,,,2.198E-17,,,
46249,54.9438,,,1.473E-16,,,
46755,55.5449,,,2.854E-16,,,
46847,55.6542,,,1.312E-16,,,
46917,55.7374,,,3.102E-15,,,
46990,55.8241,,6.532E-17,2.193E-16,,,
47160,56.0261,,,4.042E-16,,,
47311,56.2055,,3.010E-17,4.725E-17,,,
47542,56.4799,,,2.445E-17,,,
47558,56.4989,,,2.210E-16,,,
47710,56.6795,,,3.817E-17,,,
47870,56.8696,,,2.517E-16,,,
48104,57.1476,,,1.795E-16,,,
48115,57.1606,,,1.133E-16,,,
48308,57.3899,,,9.273E-17,,,
48390,57.4873,,,3.566E-17,,,
48437,57.5432,,,5.715E-16,,,
48550,57.6774,,,4.857E-17,,,
48574,57.7059,,,9.629E-17,,,
48761,57.9281,,,3.388E-16,,,
48791,57.9637,,,7.498E-16,,,
48846,58.0290,,,1.101E-16,,,
48860,58.0457,,,6.186E-17,,,
48875,58.0635,,,8.657E-16,,,
49006,58.2191,7.144E-15,,,,,
49119,58.3534,,,1.369E-16,,,
49281,58.5458,,,7.323E-16,,,
49329,58.6029,,,4.366E-16,,,
49351,58.6290,,,4.468E-17,,,
49404,58.6920,,,1.245E-16,,,
49465,58.7644,,,2.247E-16,,,
49531,58.8428,,,1.985E-15,,,
49592,58.9153,,,3.665E-16,,,
49609,58.9355,,,6.214E-16,,,
49770,59.1268,,,4.101E-16,,,
49784,59.1434,,,1.047E-15,,,
49867,59.2420,,1.044E-16,2.185E-16,,9.157E-17,2.121E-17
49919,59.3038,,,3.766E-16,,,
50168,59.5996,,,1.586E-15,,,
50281,59.7338,,,2.216E-16,,,
50476,59.9655,,,2.577E-16,,,
50604,60.1176,,2.812E-17,2.340E-17,,,
50644,60.1651,,,4.915E-16,,,
50884,60.4502,,5.016E-16,1.322E-15,,,
50997,60.5844,,,4.707E-17,,,
51209,60.8363,,,2.626E-17,,3.723E-17,
51271,60.9099,,,1.402E-16,,,
51311,60.9575,,,3.658E-16,,,
51322,60.9705,,,1.963E-16,,,
51399,61.0620,,,4.331E-17,,,
51535,61.2236,,,2.126E-16,,,
51554,61.2462,,3.241E-15,6.152E-15,1.546E-17,3.505E-15,8.015E-16
51627,61.3329,,,1.946E-16,,,
51742,61.4695,,2.380E-17,3.708E-17,,,
52027,61.8081,,,6.495E-16,,,
52304,62.1372,,,3.441E-16,,,
52319,62.1550,,9.994E-17,1.584E-16,,,
52339,62.1787,,,5.590E-17,,,
52355,62.1977,,,6.118E-16,,,
52625,62.5185,,,3.783E-16,,,
52710,62.6195,,,5.466E-16,,,
52767,62.6872,,,8.084E-16,,,
52809,62.7371,,,2.911E-17,,,
52837,62.7704,,,1.096E-15,,,
53189,63.1885,,,2.338E-16,,,
53243,63.2527,,,4.724E-16,,,
53418,63.4606,,,1.216E-16,,,
53476,63.5295,,,3.880E-17,,,
53566,63.6364,,,4.119E-17,,,
53600,63.6768,,,2.138E-17,,,
53654,63.7410,,,4.819E-16,,,
53686,63.7790,,,1.079E-15,,,
53773,63.8823,,,4.476E-16,,,
53832,63.9524,,6.389E-17,9.221E-17,,,
53867,63.9940,,,4.854E-16,,,
53869,63.9964,,1.094E-16,2.152E-16,,7.932E-17,2.164E-17
53909,64.0439,,,2.897E-16,,,
53911,64.0463,,,1.564E-16,,,
53943,64.0843,,7.281E-17,2.116E-16,,,
54110,64.2827,,2.139E-16,3.751E-16,,1.628E-16,2.309E-17
54218,64.4110,,,,,4.509E-17,
54330,64.5440,,,1.690E-16,,,
54446,64.6818,,,7.035E-17,,,
54475,64.7163,,,1.027E-16,,,
54498,64.7436,,,1.099E-16,,,
54509,64.7567,,,6.171E-17,,,
54802,65.1048,,,1.287E-15,,,
55003,65.3436,,,5.073E-16,,,
55011,65.3531,,,5.032E-17,,,
55163,65.5336,,,2.391E-16,,,
55278,65.6703,,,2.331E-16,,,
55377,65.7879,,,1.254E-15,,,
55465,65.8924,,,6.113E-17,,,
55555,65.9993,,,6.915E-16,,,
55585,66.0350,,,1.511E-16,,,
55601,66.0540,,,3.210E-16,,,
55636,66.0956,,,8.625E-17,,,
56029,66.5625,,,6.838E-16,,,
56079,66.6219,,,5.301E-17,,,
56428,67.0365,,,6.356E-17,,,
56669,67.3228,,,3.353E-17,,,
56968,67.6780,,,5.944E-17,,,
57108,67.8443,,,4.546E-17,,,
57111,67.8479,,3.099E-16,6.288E-16,,2.786E-16,8.163E-17
57121,67.8597,,,1.915E-16,,,
57197,67.9500,,,8.273E-16,,,
57202,67.9560,,,3.310E-16,,,
57275,68.0427,,,1.080E-15,,,
57278,68.0463,,,1.142E-16,,,
57351,68.1330,,,1.569E-16,,,
57356,68.1389,,2.368E-16,4.077E-16,,2.515E-16,7.068E-17
57407,68.1995,,,8.706E-16,,,
57495,68.3041,,,2.032E-16,,,
57571,68.3943,,,4.676E-16,,,
57590,68.4169,,,6.252E-16,,,
57634,68.4692,,,5.214E-17,,,
57797,68.6628,,,6.849E-17,,,
57885,68.7674,,,2.428E-16,,,
57895,68.7793,,,3.426E-16,,,
57932,68.8232,,,3.572E-16,,,
57967,68.8648,,6.203E-17,1.828E-16,,6.221E-17,2.032E-17
58048,68.9610,,2.203E-16,3.913E-16,,1.990E-16,3.465E-17
58247,69.1974,,,6.296E-16,,,
58423,69.4065,,,4.433E-17,,,
58439,69.4255,,,6.234E-16,,,
58487,69.4826,,3.122E-17,8.943E-17,,,
58518,69.5194,,5.281E-17,2.177E-16,,,
58548,69.5550,,,4.159E-16,,,
58669,69.6988,,,2.481E-16,,,
58685,69.7178,,,6.587E-16,,,
58814,69.8710,,,1.006E-16,,,
59132,70.2488,,,7.312E-17,,,
59304,70.4532,,,3.686E-16,,,
59492,70.6765,,,2.037E-16,,,
59537,70.7300,,5.882E-16,1.266E-15,,5.943E-16,1.676E-16
59565,70.7632,,,1.163E-15,,,
59593,70.7965,,,5.384E-16,,,
59716,70.9426,,,1.162E-16,,,
59848,71.0994,,,6.342E-16,,,
59974,71.2491,,,5.765E-17,,,
60105,71.4047,,,1.899E-16,,,
60120,71.4226,,,1.220E-16,,,
60216,71.5366,,,1.780E-16,,,
60461,71.8277,,,5.364E-16,,,
60617,72.0130,,9.105E-16,1.837E-15,2.330E-17,8.859E-16,2.541E-16
60630,72.0284,,,2.529E-17,,,
60638,72.0379,,,3.040E-16,,,
60715,72.1294,,,1.437E-16,,,
60719,72.1342,,,6.770E-17,,,
60788,72.2161,,,1.140E-16,,,
60839,72.2767,,,3.525E-16,,,
60882,72.3278,,2.983E-16,6.141E-16,,2.483E-16,5.408E-17
60926,72.3801,,,1.745E-16,,,
60954,72.4134,,,1.741E-15,,,
60988,72.4537,,,6.247E-17,,,
61202,72.7080,,,9.511E-17,,,
61220,72.7294,,,5.829E-17,,,
61258,72.7745,,,1.493E-16,,,
61304,72.8292,,,2.621E-16,,,
61501,73.0632,,,1.271E-15,,,
61734,73.3400,,,2.935E-17,,,
61931,73.5740,,1.553E-16,2.552E-16,,1.518E-16,2.951E-17
61960,73.6085,,,4.301E-16,,,
61976,73.6275,,,1.036E-15,,,
61986,73.6394,,,9.802E-16,,,
61999,73.6548,,,2.921E-16,,,
62111,73.7879,,,1.052E-15,,,
62171,73.8591,,,3.167E-16,,,
62281,73.9898,,,1.684E-15,,,
62432,74.1692,,,2.154E-16,,,
62472,74.2167,,,1.086E-16,,,
62671,74.4531,,,2.665E-16,,,
62770,74.5708,,,,6.516E-17,,
62783,74.5862,,,2.163E-17,,,
62785,74.5886,,,1.050E-16,,,
62895,74.7193,,,5.858E-16,,,
63077,74.9355,,,6.872E-16,,,
63099,74.9616,,,1.836E-16,,,
63150,75.0222,,5.699E-16,1.130E-15,1.783E-17,6.123E-16,1.208E-16
63235,75.1232,,,3.598E-17,,,
63331,75.2372,,3.326E-17,8.664E-17,,,
63357,75.2681,,1.037E-16,3.667E-16,,,
63385,75.3014,,,2.047E-16,,,
63550,75.4974,,,3.850E-17,,,
63677,75.6483,,,3.530E-17,,,
63777,75.7671,,,1.411E-16,,,
64147,76.2066,,,5.140E-17,,,
64199,76.2684,,,3.104E-17,,,
64235,76.3112,,,1.851E-16,,,
64363,76.4632,,,1.999E-16,,,
64856,77.0489,,,2.705E-16,,,
64862,77.0561,,,1.057E-16,,,
65035,77.2616,,,4.291E-17,,,
65116,77.3578,,,5.445E-16,,,
65153,77.4018,,3.902E-17,6.130E-17,,,
65250,77.5170,,,5.028E-17,,,
65413,77.7106,,,5.662E-16,,,
65420,77.7190,,,3.941E-17,,,
65592,77.9233,,,1.095E-16,,,
65636,77.9756,,,2.169E-16,,,
65736,78.0944,,,2.794E-17,,,
65820,78.1942,,,3.644E-16,,,
66031,78.4448,,,3.607E-16,,,
66061,78.4805,,,1.571E-15,,,
66082,78.5054,,3.242E-17,4.392E-17,,,
66122,78.5529,,,4.087E-16,,,
66225,78.6753,,,7.914E-16,,,
66236,78.6884,,,2.662E-15,,,
66436,78.9260,,,1.140E-15,,,
66461,78.9557,,3.101E-17,,,,
66494,78.9949,,,9.890E-17,,,
66512,79.0163,,,2.105E-15,,,
66516,79.0210,,,1.418E-15,,,
66583,79.1006,,,1.396E-16,,,
66646,79.1754,,,2.373E-17,,,
66705,79.2455,,,8.711E-17,,,
66899,79.4760,,,3.505E-16,,,
67015,79.6138,,4.078E-16,1.085E-15,,,
67133,79.7540,,,1.466E-16,,,
67309,79.9631,,,9.128E-17,,,
67357,80.0201,,,9.339E-17,,,
67359,80.0225,,,1.772E-16,,,
67495,80.1841,,1.886E-16,6.439E-16,,,
67593,80.3005,,,3.264E-17,,,
67696,80.4228,,,4.869E-16,,,
67734,80.4680,,,9.128E-16,,,
68411,81.2723,,,1.744E-16,,,
68466,81.3376,,,1.188E-16,,,
68599,81.4956,,,7.181E-16,,,
68604,81.5016,,,7.091E-16,,,
68635,81.5384,,,6.990E-16,,,
68653,81.5598,,,5.861E-17,,,
68752,81.6774,,,4.355E-16,,,
68835,81.7760,,5.770E-16,1.271E-15,,3.886E-17,
68911,81.8663,,,4.343E-16,,,
68940,81.9007,,,9.025E-17,,,
69044,82.0243,,,1.004E-15,,,
69056,82.0385,,2.676E-15,4.912E-15,1.537E-17,2.869E-15,7.271E-16
69061,82.0445,,,5.112E-17,,,
69095,82.0849,,,4.180E-16,,,
69182,82.1882,,,5.398E-16,,,
69439,82.4935,,,5.508E-16,,,
69568,82.6468,,9.195E-16,2.904E-15,,,
69701,82.8048,,,2.216E-16,,,
69761,82.8761,,,3.851E-16,,,
69796,82.9176,,,1.515E-15,,,
70013,83.1754,,,2.383E-17,,,
70093,83.2705,,,7.820E-16,,,
70262,83.4713,,5.755E-17,1.146E-16,,,
70295,83.5105,,,2.216E-16,,,
70305,83.5223,,,6.137E-17,,,
70350,83.5758,,,3.247E-16,,,
70437,83.6792,,,4.977E-16,,,
70498,83.7516,,,1.533E-16,,,
70597,83.8692,,,4.396E-15,,,
70644,83.9251,,,3.891E-16,,,
70648,83.9298,,,5.380E-17,,,
70739,84.0379,,,3.505E-16,,,
70768,84.0724,,,1.124E-15,,,
71081,84.4442,,7.841E-17,1.992E-16,,,
71108,84.4763,,,4.384E-16,,,
71132,84.5048,,,6.986E-17,,,
71435,84.8648,,,3.728E-16,,,
71561,85.0145,,,3.334E-16,,,
71691,85.1689,,,3.230E-17,,,
71721,85.2045,,,1.452E-16,,,
71751,85.2402,,,1.960E-16,,,
71906,85.4243,,,7.373E-16,,,
71938,85.4623,,,6.317E-17,,,
71969,85.4992,,,1.716E-16,,,
72031,85.5728,,,1.535E-16,,,
72051,85.5966,,1.036E-16,2.588E-16,,,
72059,85.6061,,,2.330E-15,,,
72125,85.6845,,,2.418E-17,,,
72216,85.7926,,,1.488E-16,,,
72235,85.8152,,,6.328E-16,,,
72257,85.8413,,3.632E-17,1.062E-16,,8.153E-17,
72281,85.8698,,1.090E-16,2.530E-16,,1.288E-16,3.783E-17
72365,85.9696,,,,,,
72554,86.1942,,,3.249E-17,,,
72869,86.5684,,,9.007E-16,,,
72878,86.5791,,,1.711E-15,,,
73031,86.7608,,,1.144E-15,,,
73057,86.7917,,,1.943E-16,,,
73156,86.9093,,,2.623E-16,,,
73252,87.0234,,,2.112E-16,,,
73270,87.0448,,,2.237E-16,,,
73287,87.0650,,,2.961E-17,,,
73371,87.1647,,,7.611E-17,,,
73488,87.3037,,,2.031E-16,,,
73594,87.4297,,1.106E-16,3.351E-16,,,
73633,87.4760,,,1.716E-15,,,
73688,87.5413,,3.368E-17,,,4.225E-17,
73756,87.6221,,,1.175E-15,,,
73772,87.6411,,3.577E-17,8.771E-17,,3.367E-17,
73820,87.6982,,,4.722E-16,,,
73848,87.7314,,,2.538E-16,,,
73901,87.7944,,,2.048E-16,,,
74078,88.0047,,,8.413E-16,,,
74129,88.0653,,,1.967E-16,,,
74434,88.4276,,,3.705E-17,,,
74465,88.4644,,,5.991E-16,,,
74511,88.5191,,,1.851E-16,,,
74739,88.7899,,,6.922E-17,,,
74839,88.9087,,,2.514E-17,,,
74907,88.9895,,,4.258E-17,,,
74961,89.0537,,,4.011E-16,,,
75091,89.2081,,,2.622E-16,,,
75186,89.3210,,,8.587E-17,,,
75357,89.5241,,,3.588E-16,,,
75567,89.7736,,,5.092E-17,,,
75589,89.7997,,,3.505E-17,,,
75764,90.0076,,,3.884E-17,,,
75816,90.0694,,,1.301E-16,,,
76283,90.6242,,,2.881E-16,,,
76331,90.6812,,,3.779E-17,,,
76357,90.7121,,,5.504E-16,,,
76446,90.8178,,,4.047E-17,,,
76470,90.8464,,7.455E-17,2.174E-16,,,
76475,90.8523,,,8.501E-17,,,
76481,90.8594,,,2.857E-16,,,
76543,90.9331,,,6.645E-17,,,
76613,91.0162,,,5.684E-16,,,
76627,91.0329,,,3.350E-16,,,
76670,91.0840,,,3.210E-16,,,
76765,91.1968,,,3.218E-16,,,
76922,91.3833,,4.327E-17,4.466E-17,,3.212E-17,
77200,91.7136,,,1.833E-16,,,
77203,91.7172,,,8.451E-17,,,
77219,91.7362,,5.486E-17,8.692E-17,,,
77347,91.8882,,2.434E-17,1.016E-16,,,
77384,91.9322,,,8.418E-16,,,
77388,91.9369,,,2.793E-16,,,
77441,91.9999,,,7.093E-17,,3.381E-17,
77456,92.0177,,,2.297E-15,,,
77602,92.1912,,,5.619E-16,,,
77839,92.4727,,,2.472E-16,,,
77844,92.4787,,,5.153E-17,,,
77991,92.6533,,1.146E-16,2.517E-16,,6.983E-17,1.999E-17
78015,92.6818,,,5.906E-17,,,
78073,92.7507,,,5.111E-17,,,
78172,92.8683,,5.596E-16,1.048E-15,,4.938E-16,1.013E-16
78284,93.0014,,,2.737E-17,,,
78301,93.0216,,1.279E-15,2.446E-15,1.917E-17,1.349E-15,3.857E-16
78438,93.1843,,,1.831E-15,,,
78475,93.2283,,,1.044E-15,,,
78721,93.5205,,,1.328E-15,,,
78758,93.5645,,,4.596E-17,,,
78823,93.6417,,,7.039E-16,,,
78837,93.6584,,,1.914E-16,,,
79003,93.8556,,,8.343E-17,,,
79056,93.9185,,,6.533E-17,,,
79067,93.9316,,,1.143E-15,,,
79137,94.0148,,2.817E-16,1.010E-15,,,
79287,94.1930,,,5.252E-17,,,
79365,94.2856,,6.363E-17,1.239E-16,,6.407E-17,1.526E-17
79423,94.3545,,,8.897E-16,,,
79538,94.4911,,,3.066E-16,,,
79688,94.6693,,,1.186E-16,,,
79996,95.0352,,,7.487E-17,,,
80117,95.1790,,,3.873E-16,,,
80407,95.5235,,,2.596E-16,,,
80433,95.5544,,6.225E-17,1.389E-16,,6.579E-17,
80470,95.5984,,,2.918E-16,,,
80681,95.8490,,,2.575E-17,,,
80730,95.9072,,,4.760E-17,,,
80739,95.9179,,,3.863E-16,,,
80820,96.0142,,,8.058E-17,,,
80844,96.0427,,,7.276E-17,,,
80930,96.1448,,1.519E-15,2.981E-15,4.098E-17,1.052E-15,3.910E-16
80946,96.1638,,,3.057E-16,,,
80993,96.2197,,,8.174E-16,,,
81013,96.2434,,,2.832E-16,,,
81336,96.6272,,,3.597E-16,,,
81518,96.8434,,,2.477E-16,,,
81519,96.8446,,5.503E-17,,,3.751E-17,
81593,96.9325,,,5.905E-17,,,
81675,97.0299,,,3.215E-16,,,
81701,97.0608,,,5.067E-17,,,
81704,97.0644,,2.592E-16,5.064E-16,,,
81801,97.1796,,,8.090E-16,,,
81830,97.2140,,,4.861E-17,,,
81930,97.3328,,3.540E-16,8.265E-16,,,
81955,97.3625,,,2.522E-17,,,
82051,97.4766,,,2.274E-16,,,
82120,97.5586,,,9.870E-17,,,
82167,97.6144,,,3.978E-16,,,
82221,97.6785,,,1.734E-16,,,
82502,98.0124,,,1.142E-16,,,
82709,98.2583,,,2.318E-17,,,
82804,98.3712,,,2.109E-16,,,
83062,98.6777,,,6.899E-17,,,
83077,98.6955,,,4.760E-17,,,
83100,98.7228,,,9.466E-16,,,
83396,99.0744,,,6.195E-16,,,
83540,99.2455,,,7.477E-16,,,
83583,99.2966,,7.216E-17,1.863E-16,,,
83748,99.4926,,,8.829E-17,,,
83777,99.5271,,,5.132E-16,,,
83828,99.5877,,,8.907E-16,,,
83906,99.6803,,,3.393E-16,,,
84056,99.8585,,,8.724E-17,,,
84060,99.8633,,,1.053E-16,,,
84232,100.0676,,,3.044E-16,,,
84371,100.2327,,,3.344E-16,,,
84445,100.3207,,,2.276E-16,,,
84452,100.3290,,,1.070E-16,,,
84506,100.3931,,,4.463E-17,,3.268E-17,
84521,100.4109,,,3.803E-17,,,
84557,100.4537,,,1.335E-16,,,
84838,100.7875,,,2.675E-17,,,
85062,101.0537,,,5.482E-16,,,
85093,101.0905,,,1.979E-16,,,
85180,101.1938,,,4.291E-15,,,
85296,101.3316,,,8.241E-17,,,
85486,101.5574,,,5.759E-16,,,
85508,101.5835,,,4.228E-17,,,
85519,101.5966,,,1.229E-16,,,
85572,101.6595,,,8.682E-17,,3.499E-17,
85634,101.7332,,,7.284E-17,,,
85687,101.7962,,,3.098E-17,,,
85937,102.0932,,,2.579E-16,,,
86018,102.1894,,,1.586E-16,,,
86113,102.3022,,4.519E-17,1.489E-16,,9.696E-17,
86189,102.3925,,,3.671E-16,,,
86230,102.4412,,,7.850E-17,,,
86246,102.4602,,,1.237E-15,,,
86262,102.4793,,,1.945E-16,,,
86482,102.7406,,,3.116E-16,,,
86551,102.8226,,,1.335E-16,,,
86632,102.9188,,,3.784E-16,,,
86809,103.1291,,,2.736E-16,,,
86815,103.1362,,,3.080E-16,,,
86953,103.3002,,,2.321E-17,,,
86991,103.3453,,,1.925E-16,,7.512E-17,
87104,103.4796,,,1.433E-15,,,
87123,103.5021,,,2.196E-15,,,
87377,103.8039,,,6.261E-17,,,
87608,104.0783,,,2.162E-16,,,
87635,104.1104,,,1.767E-16,,,
87703,104.1912,,,4.824E-17,,,
87733,104.2268,,1.923E-15,4.090E-15,,2.324E-15,5.284E-16
87812,104.3207,,,1.201E-16,,,
87880,104.4014,,,3.794E-16,,,
87947,104.4810,,,1.016E-16,,,
88016,104.5630,,,5.276E-17,,,
88059,104.6141,,,4.993E-17,,,
88195,104.7757,,,2.441E-16,,,
88304,104.9052,,,8.306E-17,,,
88342,104.9503,,,7.240E-17,,,
88387,105.0038,,,2.372E-16,,,
88658,105.3257,,,6.115E-16,,,
88686,105.3590,,,9.300E-16,,,
88851,105.5550,,,4.633E-17,,,
89041,105.7807,,,3.831E-16,,,
89092,105.8413,,,7.900E-16,,,
89289,106.0753,,,1.120E-15,,,
89347,106.1442,,,3.100E-16,,,
89402,106.2096,,,5.762E-16,,,
89449,106.2654,,,1.064E-16,,,
89637,106.4888,,1.310E-15,2.353E-15,2.677E-17,1.161E-15,2.844E-16
89788,106.6681,,,2.665E-16,,,
89917,106.8214,,,4.221E-17,,,
90215,107.1754,,,6.896E-16,,,
90240,107.2051,,,2.085E-16,,,
90250,107.2170,,,1.780E-16,,,
90374,107.3643,,,7.791E-16,,,
90474,107.4831,,,2.428E-17,,,
90735,107.7932,,,1.529E-16,,,
90813,107.8858,,,2.969E-16,,,
91110,108.2387,,3.451E-17,1.213E-16,,7.928E-17,2.650E-17
91196,108.3408,,,2.209E-17,,,
91265,108.4228,,,1.341E-16,,,
91429,108.6177,,,1.086E-16,,,
91491,108.6913,,,9.696E-17,,,
91611,108.8339,,,3.215E-17,,,
91658,108.8897,,4.316E-17,5.618E-17,,4.397E-17,
91698,108.9372,,,1.014E-16,,,
91875,109.1475,,,6.788E-16,,,
91938,109.2223,,,1.729E-16,,,
92000,109.2960,,,2.426E-16,,,
92013,109.3114,,,4.011E-16,,,
92016,109.3150,,,4.969E-16,,,
92080,109.3910,,,5.836E-16,,,
92176,109.5051,,3.787E-17,7.476E-17,,5.087E-17,1.527E-17
92333,109.6916,,,2.844E-17,,,
92516,109.9090,,,6.600E-16,,,
92691,110.1169,,,,,,
92926,110.3961,,,4.911E-17,,,
93368,110.9212,,,2.351E-17,,,
93446,111.0138,,,3.876E-17,,,
93657,111.2645,,1.149E-16,1.480E-16,,,
93709,111.3263,,,7.891E-17,,,
93827,111.4665,,,5.530E-16,,,
93829,111.4689,,8.155E-17,1.159E-16,,,1.532E-17
93921,111.5781,,,7.654E-17,,,
94092,111.7813,,,1.942E-16,,,
94207,111.9179,,2.796E-17,6.592E-17,,,
94314,112.0450,,5.968E-17,1.446E-16,,8.628E-17,
94384,112.1282,,,2.401E-17,,,
94396,112.1424,,,1.908E-16,,,
94598,112.3824,,,2.928E-17,,,
94860,112.6937,,,7.897E-17,,,
94934,112.7816,,,2.088E-16,,,
94977,112.8327,,,1.244E-16,,,
95206,113.1047,,,2.217E-16,,,
95673,113.6595,,,6.289E-17,,,
96061,114.1205,,,2.496E-17,,,
96249,114.3438,,,6.175E-17,,,
96254,114.3498,,,4.104E-17,,4.583E-17,
96289,114.3913,,,1.239E-15,,,
96291,114.3937,,,2.474E-16,,,
96333,114.4436,,,1.055E-15,,,
96336,114.4472,,,7.147E-17,,,
96412,114.5375,,,3.330E-17,,,
96497,114.6384,,,4.668E-16,,,
96518,114.6634,,,2.527E-16,,,
96723,114.9069,,,1.134E-16,,,
96744,114.9319,,,2.815E-16,,,
96796,114.9936,,2.594E-17,4.747E-17,,,
96815,115.0162,,,4.499E-16,,,
96865,115.0756,,6.274E-17,1.385E-16,,,
97040,115.2835,,,3.308E-16,,,
97369,115.6744,,,6.989E-16,,,
97444,115.7635,,,5.849E-16,,,
97470,115.7944,,8.710E-17,1.722E-16,,4.353E-17,2.790E-17
97702,116.0700,,2.847E-17,,,,
97721,116.0925,,4.531E-17,5.940E-17,,,
98269,116.7436,,,,,,4.462E-17
98270,116.7448,,1.911E-16,3.439E-16,,1.623E-16,
98388,116.8849,,,7.217E-16,,,
98427,116.9313,,,4.057E-16,,,
98587,117.1214,,,4.799E-17,,,
98595,117.1309,,,4.814E-16,,,
98907,117.5015,,,4.159E-16,,,
99120,117.7546,,,1.186E-15,,,
99264,117.9256,,2.435E-17,,,,
99265,117.9268,,,1.092E-16,,,
99315,117.9862,,3.020E-17,5.984E-17,,,1.460E-17
99498,118.2036,,,2.037E-16,,,
99535,118.2476,,,7.260E-16,,,
99634,118.3652,,,8.534E-17,,,
99724,118.4721,,4.290E-17,7.292E-17,,,
99745,118.4971,,,1.437E-16,,,
99819,118.5850,,,1.026E-16,,,
99998,118.7976,,,7.678E-16,,,
100030,118.8356,,,3.481E-16,,,
100214,119.0542,,,2.071E-16,,,
100218,119.0590,,4.525E-17,5.607E-17,,,
100453,119.3382,,,2.886E-16,,,
100609,119.5235,,3.318E-16,8.380E-16,,,
100652,119.5746,,2.686E-17,5.019E-17,,,
100679,119.6067,,,3.008E-16,,,
100715,119.6494,,,6.591E-16,,,
101189,120.2125,,,1.711E-15,,,
101346,120.3990,,,6.282E-16,,,
101353,120.4074,,,2.940E-16,,,
101427,120.4953,,,3.045E-17,,,
101436,120.5060,,,2.069E-16,,,
101495,120.5761,,,1.248E-16,,,
101499,120.5808,,,3.872E-16,,,
101537,120.6260,,1.278E-16,2.244E-16,,1.002E-16,4.273E-17
101558,120.6509,,,1.818E-16,,,
101579,120.6759,,,2.370E-17,,,
101613,120.7162,,,2.808E-16,,,
101646,120.7554,,,4.303E-17,,,
101709,120.8303,,,2.530E-17,,4.916E-17,
101767,120.8992,,,1.295E-16,,,
101775,120.9087,,,1.049E-16,,,
101978,121.1499,,,1.208E-16,,,
101984,121.1570,,,1.244E-16,,,
101990,121.1641,,,1.185E-15,,,
102028,121.2093,,3.509E-16,7.127E-16,,3.646E-16,6.788E-17
102068,121.2568,,7.499E-17,3.105E-16,,,
102100,121.2948,,,4.138E-16,,,
102117,121.3150,,,3.472E-16,,,
102155,121.3601,,,1.669E-16,,,
102284,121.5134,,,6.283E-16,,,
102391,121.6405,,,2.271E-16,,,
102534,121.8104,,,1.284E-16,,,
102546,121.8246,,,5.830E-17,,,
102653,121.9518,,,4.114E-16,,,
102749,122.0658,,7.015E-17,1.309E-16,,,
102753,122.0706,,,2.498E-15,,,
102787,122.1110,,,1.383E-15,,,
102790,122.1145,,,1.083E-16,,,
102791,122.1157,,6.660E-17,,,,
103018,122.3854,,,2.442E-16,,,
103026,122.3949,,,7.482E-17,,,
103063,122.4388,,,4.300E-17,,,
103140,122.5303,,,2.423E-16,,,
103182,122.5802,,,2.861E-17,,,
103219,122.6242,,3.220E-16,6.165E-16,,3.903E-16,9.162E-17
103299,122.7192,,,3.150E-16,,,
103315,122.7382,,,1.007E-16,,,
103328,122.7537,,,2.137E-16,,,
103379,122.8143,,,1.913E-16,,,
103429,122.8737,,,1.733E-16,,,
103527,122.9901,,1.911E-16,4.533E-16,,,
103694,123.1885,,,4.216E-16,,,
103746,123.2502,,,3.913E-17,,,
103988,123.5377,,,1.068E-15,,,
104080,123.6470,,,4.872E-17,,,
104084,123.6518,,,4.067E-16,,,
104164,123.7468,,,1.012E-15,,,
104257,123.8573,,,6.017E-17,,,
104305,123.9143,,,3.518E-16,,,
104419,124.0498,,,3.315E-16,,,
104449,124.0854,,,7.467E-17,,,
104460,124.0985,,,6.641E-16,,,
104574,124.2339,,,2.645E-16,,,
104664,124.3408,,,3.604E-16,,,
104740,124.4311,,,7.308E-17,,,
105078,124.8327,,,2.197E-15,,,
105367,125.1760,,,6.716E-17,,,
105471,125.2995,,3.018E-16,6.315E-16,,,
105490,125.3221,,,4.214E-16,,,
105691,125.5609,,3.761E-17,1.076E-16,,4.254E-17,2.104E-17
106069,126.0100,,,2.172E-17,,,
106089,126.0337,,,9.496E-17,,,
106189,126.1525,,,3.186E-16,,,
106296,126.2796,,4.607E-17,1.092E-16,,6.342E-17,
106706,126.7667,,,1.486E-16,,,
106821,126.9033,,,3.798E-16,,,
106832,126.9164,,,7.528E-16,,,
106886,126.9806,,2.336E-17,3.559E-17,,,
106934,127.0376,,5.708E-17,8.721E-16,,7.342E-17,1.718E-17
106942,127.0471,,,2.148E-17,,,
107040,127.1635,,7.190E-17,1.217E-16,,4.245E-17,
107041,127.1647,,,,,,2.969E-17
107532,127.7480,,,4.123E-16,,,
107624,127.8573,,,2.165E-17,,,
107641,127.8775,,,1.797E-15,,,
107657,127.8965,,,2.422E-16,,,
107679,127.9227,,,1.062E-16,,,
107772,128.0331,,,7.147E-16,,,
107916,128.2042,,4.873E-17,1.450E-16,,,
108064,128.3800,,2.933E-17,7.122E-17,,,
108169,128.5048,,3.408E-15,6.805E-15,2.655E-17,3.692E-15,9.440E-16
108356,128.7269,,,2.295E-15,,,
108524,128.9265,,4.064E-17,1.150E-16,,4.322E-17,
108532,128.9360,,,3.224E-16,,,
108623,129.0441,,5.526E-16,1.009E-15,,,
108633,129.0560,,,1.133E-16,,,
108642,129.0667,,,1.070E-15,,,
108656,129.0833,,,1.284E-16,,,
108687,129.1202,,,3.916E-16,,,
108701,129.1368,,,2.817E-17,,,
108959,129.4433,,1.652E-16,4.038E-16,,,
109151,129.6714,,,3.452E-16,,,
109166,129.6892,,,5.060E-16,,,
109203,129.7332,,,5.426E-16,,,
109259,129.7997,,1.250E-16,1.863E-16,,,
109390,129.9553,,,1.836E-16,,,
109399,129.9660,,,2.397E-16,,,
109402,129.9696,,,9.874E-17,,,
109424,129.9957,,,9.908E-16,,,
109478,130.0599,,,4.167E-16,,,
109535,130.1276,,1.246E-16,2.497E-16,,1.412E-16,2.323E-17
109577,130.1775,,2.981E-17,2.303E-17,,,
109816,130.4614,,,2.805E-17,,,
109917,130.5814,,2.061E-16,3.737E-16,,1.841E-16,5.932E-17
110004,130.6848,,8.441E-17,2.085E-16,,6.627E-17,3.316E-17
110044,130.7323,,1.501E-15,3.672E-15,,1.504E-15,3.852E-16
110055,130.7453,,,4.865E-16,,,
110066,130.7584,,3.078E-16,8.836E-16,,3.943E-16,9.467E-17
110093,130.7905,,,6.434E-17,,,
110227,130.9497,,,2.553E-16,,,
110343,131.0875,,,8.545E-17,,,
110460,131.2265,,2.080E-16,5.396E-16,,,
110553,131.3370,,8.780E-17,1.633E-16,,8.003E-17,1.845E-17
110572,131.3595,,,5.113E-17,,,
110627,131.4249,,,2.540E-17,,,
110760,131.5829,,,1.263E-16,,,
110809,131.6411,,3.028E-17,1.273E-16,,,
110824,131.6589,,,1.050E-15,,,
110913,131.7646,,,2.505E-16,,,
111087,131.9714,,,8.991E-16,,,
111109,131.9975,,,1.417E-16,,,
111495,132.4561,,,5.961E-16,,,
111619,132.6034,,,9.434E-17,,,
111799,132.8172,,,9.692E-16,,,
112001,133.0572,,,3.416E-16,,,
112179,133.2687,,,3.124E-17,,,
112221,133.3185,,,3.954E-17,,,
112336,133.4552,,,6.174E-17,,,
112441,133.5799,,,2.306E-17,,,
112637,133.8128,,,2.512E-17,,,
112667,133.8484,,,9.834E-17,,,
113001,134.2452,,,1.931E-16,,,
113022,134.2701,,,1.350E-15,,,
113044,134.2963,,,7.659E-17,,,
113071,134.3283,,,3.078E-16,,,
113107,134.3711,,,2.988E-16,,,
113224,134.5101,,,1.550E-16,,,
113375,134.6895,,,1.609E-16,,,
113495,134.8321,,,2.109E-15,,,
113636,134.9996,,,2.547E-16,,,
113755,135.1409,,1.608E-15,2.931E-15,,1.748E-15,3.740E-16
113794,135.1873,,2.050E-16,3.327E-16,,,
114004,135.4368,,,7.366E-17,,,
114062,135.5057,,,4.147E-17,,,
114179,135.6447,,,1.922E-16,,,
114341,135.8371,,1.923E-16,4.635E-16,,1.798E-16,6.005E-17
114448,135.9642,,,4.131E-16,,,
114523,136.0533,,,2.783E-16,,,
114541,136.0747,,,6.967E-17,,,
114759,136.3337,,,2.971E-16,,,
114799,136.3812,,,5.380E-16,,,
115001,136.6212,,,3.082E-16,,,
115082,136.7174,,,2.874E-16,,,
115163,136.8136,,,3.855E-16,,,
115232,136.8956,,,1.115E-16,,,
115609,137.3435,,,4.403E-16,,,
115702,137.4540,,,4.662E-16,,,
115901,137.6904,,,1.021E-16,,,
116020,137.8318,,,3.430E-17,,,
116065,137.8852,,,4.929E-16,,,
116250,138.1050,,,2.767E-17,,,
116269,138.1276,,,4.573E-17,,,
116316,138.1834,,,1.942E-16,,,
116335,138.2060,,,5.788E-17,,,
116390,138.2713,,,2.355E-17,,,
116629,138.5553,,,2.690E-16,,,
116730,138.6752,,,2.576E-17,,,
117406,139.4783,,,1.593E-16,,,
117512,139.6043,,3.135E-16,6.231E-16,,3.726E-16,5.975E-17
117535,139.6316,,,5.744E-16,,,
117549,139.6482,,,4.206E-17,,,
117599,139.7076,,2.330E-17,3.094E-17,,,
117671,139.7931,,,9.053E-16,,,
117712,139.8419,,,2.087E-17,,,
117780,139.9226,,3.149E-15,5.981E-15,3.854E-17,3.238E-15,8.206E-16
117923,140.0925,,,1.321E-16,,,
117932,140.1032,,,1.435E-16,,,
117974,140.1531,,5.726E-17,8.439E-17,,5.538E-17,2.679E-17
117998,140.1816,,4.713E-16,8.533E-16,1.949E-17,3.955E-16,1.356E-16
118069,140.2660,,,1.885E-16,,,
118096,140.2980,,,1.218E-15,,,
118324,140.5689,,,1.358E-16,,,
